url_path,views_total,views_unique
/ArrowElectronics/Robotics_AMR,18,11
/ArrowElectronics/Robotics_AMR/tree/devel/eic_bringup_utils,18,3
/ArrowElectronics/Robotics_AMR/wiki,13,12
/ArrowElectronics/Robotics_AMR/tree/devel/eic_bringup_utils/launch,11,3
/ArrowElectronics/Robotics_AMR/blob/devel/eic_bringup_utils/launch/image_proc.launch.py,7,2
/ArrowElectronics/Robotics_AMR/wiki/Interfacing-TOF-With-RTABMAP,6,4
/ArrowElectronics/Robotics_AMR/blob/devel/imu_driver/src/adis16470.cpp,6,1
/ArrowElectronics/Robotics_AMR/wiki/ToF%E2%80%90using%E2%80%90ROS_Bindings,4,3
/ArrowElectronics/Robotics_AMR/tree/devel/eic_bringup_utils/config,4,1
/ArrowElectronics/Robotics_AMR/wiki/Wi%E2%80%90Fi-Connection-for-ToF,3,2
